Workbook

Sheet riepilogo
A1: Controllo qualità — PR 19, con le righe riaperte dalla PR 20
A2: Il CSV in docs/ resta la fonte versionata. Questo foglio è la vista di lavoro: si compila qui, poi si rifonde nel CSV.
A4: Come si compila
A5: · Si lavora nel foglio «da fare», un dispositivo alla volta: il filtro in testa alla colonna serve a quello.
A6: · Una riga è una azione sola, su un dispositivo solo, contro un componente solo. Se serve fare altro per rispondere, la riga è scritta male: dillo.
A7: · Nella colonna ESITO il menu propone OK · No · OK, ma · N.A. — ma si può scrivere quello che si vuole, il menu non blocca niente.
A8: · Se non è OK, in DIFETTO OSSERVATO basta una frase: che cosa si è visto. La diagnosi viene dopo.
A9: · La colonna «verifica automatica» porta la misura già presa dal browser, dove c’è. Se contraddice quello che vedi, vince quello che vedi.
A11: Quanto manca, per dispositivo
A12: Dispositivo | B12: Da fare | C12: di cui alta | D12: Fatte | E12: Totale
A13: iPhone Safari 15.4-16.3 | B13: =COUNTIFS(tutte!C:C,A13,tutte!I:I,"") | C13: =COUNTIFS(tutte!C:C,A13,tutte!I:I,"",tutte!B:B,"alta") | D13: =COUNTIFS(tutte!C:C,A13,tutte!I:I,"<>") | E13: =COUNTIF(tutte!C:C,A13)
A14: iPhone recente (Safari 18+) | B14: =COUNTIFS(tutte!C:C,A14,tutte!I:I,"") | C14: =COUNTIFS(tutte!C:C,A14,tutte!I:I,"",tutte!B:B,"alta") | D14: =COUNTIFS(tutte!C:C,A14,tutte!I:I,"<>") | E14: =COUNTIF(tutte!C:C,A14)
A15: Android Chrome recente | B15: =COUNTIFS(tutte!C:C,A15,tutte!I:I,"") | C15: =COUNTIFS(tutte!C:C,A15,tutte!I:I,"",tutte!B:B,"alta") | D15: =COUNTIFS(tutte!C:C,A15,tutte!I:I,"<>") | E15: =COUNTIF(tutte!C:C,A15)
A16: Android di 4 anni (Chrome) | B16: =COUNTIFS(tutte!C:C,A16,tutte!I:I,"") | C16: =COUNTIFS(tutte!C:C,A16,tutte!I:I,"",tutte!B:B,"alta") | D16: =COUNTIFS(tutte!C:C,A16,tutte!I:I,"<>") | E16: =COUNTIF(tutte!C:C,A16)
A17: iPad (Safari) | B17: =COUNTIFS(tutte!C:C,A17,tutte!I:I,"") | C17: =COUNTIFS(tutte!C:C,A17,tutte!I:I,"",tutte!B:B,"alta") | D17: =COUNTIFS(tutte!C:C,A17,tutte!I:I,"<>") | E17: =COUNTIF(tutte!C:C,A17)
A18: Desktop Chrome (Windows) | B18: =COUNTIFS(tutte!C:C,A18,tutte!I:I,"") | C18: =COUNTIFS(tutte!C:C,A18,tutte!I:I,"",tutte!B:B,"alta") | D18: =COUNTIFS(tutte!C:C,A18,tutte!I:I,"<>") | E18: =COUNTIF(tutte!C:C,A18)
A19: Desktop Firefox (Windows) | B19: =COUNTIFS(tutte!C:C,A19,tutte!I:I,"") | C19: =COUNTIFS(tutte!C:C,A19,tutte!I:I,"",tutte!B:B,"alta") | D19: =COUNTIFS(tutte!C:C,A19,tutte!I:I,"<>") | E19: =COUNTIF(tutte!C:C,A19)
A20: Desktop Safari (macOS) | B20: =COUNTIFS(tutte!C:C,A20,tutte!I:I,"") | C20: =COUNTIFS(tutte!C:C,A20,tutte!I:I,"",tutte!B:B,"alta") | D20: =COUNTIFS(tutte!C:C,A20,tutte!I:I,"<>") | E20: =COUNTIF(tutte!C:C,A20)
A21: Totale | B21: =SUM(B13:B20) | C21: =SUM(C13:C20) | D21: =SUM(D13:D20) | E21: =SUM(E13:E20)
A23: Che cosa non può fare nessuna automazione
A24: · Un telefono vero: l’emulazione ha già mancato un difetto vero alla PR 18 — la fotografia che copriva il titolo.
A25: · Safari: nessun WebKit su questa macchina.
A26: · Uno screen reader: VoiceOver e NVDA vanno sentiti.
A27: · Il fuoco: :focus e :focus-visible non si applicano quando la finestra non è in primo piano, e questo vale per ogni strumento.
A28: · Il CMS: serve l’accesso, e ogni prova scrive davvero sul repository.

Sheet da fare
A1: ID | B1: Priorità | C1: Dispositivo | D1: Contesto | E1: Rotta | F1: Componente | G1: Azione | H1: Esito atteso | I1: Esito | J1: Difetto osservato | K1: Area | L1: Riferimento | M1: Verifica automatica
A2: QA-001 | B2: alta | C2: iPhone Safari 15.4-16.3 | D2: verticale | E2: / | F2: Programme | G2: Aprire l’indirizzo e guardare cosa è a schermo | H2: Si apre sulla serata 81, la prima futura non annullata, non in cima all’archivio | K2: Resa sul dispositivo | L2: regola 10
A3: QA-002 | B3: alta | C3: iPhone Safari 15.4-16.3 | D3: verticale | E3: / | F3: Programme | G3: Un flick verso l’alto | H3: Lo snap aggancia la serata 82 intera; non resta a metà fra due scene | K3: Resa sul dispositivo | L3: regola 1
A4: QA-003 | B4: media | C4: iPhone Safari 15.4-16.3 | D4: verticale | E4: / | F4: Programme | G4: Trascinare lentamente fino a metà scena e rilasciare | H4: Atterra su una sola scena e non oscilla fra le due | K4: Resa sul dispositivo | L4: regola 1
A5: QA-004 | B5: alta | C5: iPhone Safari 15.4-16.3 | D5: verticale | E5: /81 | F5: Scene | G5: Leggere il titolo della serata | H5: Intero, non tagliato dal bordo né coperto dalla pillola della navigazione | K5: Resa sul dispositivo | L5: PR 18
A6: QA-005 | B6: alta | C6: iPhone Safari 15.4-16.3 | D6: verticale | E6: /81 | F6: Scene | G6: Guardare la fotografia | H6: La capsula inclinata sta nella sua fascia e non copre titolo né occhiello | K6: Resa sul dispositivo | L6: PR 18
A7: QA-006 | B7: media | C7: iPhone Safari 15.4-16.3 | D7: verticale | E7: /81 | F7: Scene | G7: Leggere la riga della sede | H7: Nome del luogo sopra, via e città sotto, su due righe distinte | K7: Resa sul dispositivo | L7: regola 19
A8: QA-007 | B8: alta | C8: iPhone Safari 15.4-16.3 | D8: verticale | E8: /81 | F8: Scene | G8: Leggere la nota sotto i bottoni | H8: Leggibile per intero, non tagliata dalla barra della Timeline | K8: Resa sul dispositivo | L8: PR 18
A9: QA-008 | B9: alta | C9: iPhone Safari 15.4-16.3 | D9: verticale | E9: /80 | F9: Scene | G9: Guardare la serata annullata | H9: Titolo e data barrati, la parola «annullata» leggibile sopra il titolo | K9: Resa sul dispositivo | L9: PR 3
A10: QA-009 | B10: media | C10: iPhone Safari 15.4-16.3 | D10: verticale | E10: /78 | F10: Scene | G10: Guardare la descrizione su schermo corto | H10: La descrizione cede prima della fotografia, che resta sempre | K10: Resa sul dispositivo | L10: PR 18
A11: QA-010 | B11: alta | C11: iPhone Safari 15.4-16.3 | D11: verticale | E11: /81 | F11: Button | G11: Toccare «Prenota il posto» | H11: Si apre il modale con la spiegazione, non direttamente WhatsApp | K11: Resa sul dispositivo | L11: PR 12
A12: QA-011 | B12: alta | C12: iPhone Safari 15.4-16.3 | D12: verticale | E12: /81 | F12: Modal | G12: Leggere il pannello aperto | H12: Il testo sta dentro il pannello; se è lungo scorre il pannello e non la pagina | K12: Resa sul dispositivo | L12: vincoli-tecnici
A13: QA-012 | B13: alta | C13: iPhone Safari 15.4-16.3 | D13: verticale | E13: /81 | F13: Modal | G13: Toccare la X di chiusura | H13: Si chiude e la pagina è rimasta sulla serata 81 | K13: Resa sul dispositivo | L13: PR 12
... A50: QA-054 | B50: alta | C50: Android Chrome recente | D50: verticale | E50: / | F50: Timeline | G50: Scorrere la barra fino alla 78 e toccarla | H50: La barra si muove fino a portare la pillola al centro e la pagina arriva sulla 78 | K50: Resa sul dispositivo | L50: regola 14
A51: QA-064 | B51: alta | C51: Android di 4 anni (Chrome) | D51: verticale | E51: / | F51: Timeline | G51: Scorrere la barra fino alla 78 e toccarla | H51: La barra si muove fino a portare la pillola al centro e la pagina arriva sulla 78 | K51: Resa sul dispositivo | L51: regola 14 | M51: Provata su un Google Pixel (modello da registrare).
A52: QA-069 | B52: alta | C52: iPhone Safari 15.4-16.3 | D52: verticale | E52: / | F52: Programme | G52: Guardare se il layout è quello del telefono o quello del desktop | H52: Layout a una colonna: le media query si applicano, quindi il minificatore non ha riscritto la sintassi range | K52: Soglia dei browser | L52: checkMediaRangeSyntax
A53: QA-070 | B53: alta | C53: iPhone Safari 15.4-16.3 | D53: verticale | E53: / | F53: Programme | G53: Scorrere con la barra di Safari mostrata e poi ritratta | H53: La scena resta alta quanto lo schermo e le posizioni di snap non saltano (svh, non dvh) | K53: Soglia dei browser | L53: regola 5
A54: QA-071 | B54: alta | C54: iPhone Safari 15.4-16.3 | D54: verticale | E54: /81 | F54: Modal | G54: Toccare «Prenota il posto» | H54: Il modale si apre; se <dialog> non c’è, al suo posto compare il link diretto e non un bottone morto | K54: Soglia dei browser | L54: PR 12
A55: QA-072 | B55: media | C55: iPhone Safari 15.4-16.3 | D55: verticale | E55: / | F55: Timeline | G55: Guardare lo sfondo della barra in basso | H55: La barra è velata e leggibile: il -webkit-backdrop-filter è quello che risponde qui | K55: Soglia dei browser | L55: Timeline.astro
A56: QA-073 | B56: media | C56: iPhone Safari 15.4-16.3 | D56: verticale | E56: / | F56: Scene | G56: Scorrere venti serate di seguito | H56: Nessuno scatto: senza content-visibility la pagina resta comunque fluida | K56: Soglia dei browser | L56: Scene.astro
A57: QA-074 | B57: media | C57: iPhone Safari 15.4-16.3 | D57: verticale | E57: /81 | F57: Scene | G57: Guardare la descrizione tagliata a tre righe | H57: Il taglio funziona e non lascia una riga a metà | K57: Soglia dei browser | L57: Scene.astro
A58: QA-076 | B58: alta | C58: iPhone recente (Safari 18+) | D58: orizzontale | E58: /81 | F58: Scene | G58: Ruotare il telefono e guardare la scena | H58: Titolo, data, sede, bottoni e nota sono tutti a schermo | K58: Orizzontale su telefono | L58: piano PR 19
A59: QA-077 | B59: alta | C59: iPhone recente (Safari 18+) | D59: orizzontale | E59: /81 | F59: Scene | G59: Guardare la fotografia in orizzontale | H59: La foto non schiaccia il testo né esce dalla sua fascia | K59: Orizzontale su telefono | L59: piano PR 19
A60: QA-078 | B60: alta | C60: iPhone recente (Safari 18+) | D60: orizzontale | E60: / | F60: Timeline | G60: Guardare la barra in basso in orizzontale | H60: La barra non copre la nota né i bottoni della scena | K60: Orizzontale su telefono | L60: piano PR 19
A61: QA-079 | B61: alta | C61: iPhone recente (Safari 18+) | D61: orizzontale | E61: / | F61: SiteNav | G61: Guardare la pillola in alto in orizzontale | H61: Non copre il titolo della serata | K61: Orizzontale su telefono | L61: piano PR 19
A62: QA-080 | B62: media | C62: iPhone recente (Safari 18+) | D62: orizzontale | E62: /78 | F62: Scene | G62: Guardare la serata con i materiali in orizzontale | H62: Il bottone «Rivedi la serata» è raggiungibile senza scorrere la scena | K62: Orizzontale su telefono | L62: vincoli-tecnici
A63: QA-081 | B63: media | C63: iPhone recente (Safari 18+) | D63: orizzontale | E63: /81 | F63: Modal | G63: Aprire il modale in orizzontale | H63: Il pannello sta nello schermo e la X non finisce fuori dal bordo | K63: Orizzontale su telefono | L63: Modal.astro
... A65: QA-083 | B65: media | C65: iPhone recente (Safari 18+) | D65: orizzontale | E65: / | F65: Programme | G65: Ruotare mentre si è sulla serata 82 | H65: Dopo la rotazione si è ancora sulla 82 e non su un’altra | K65: Orizzontale su telefono | L65: regola 1
A66: QA-098 | B66: alta | C66: Desktop Chrome (Windows) | D66: 1280x800 | E66: / | F66: Timeline | G66: Cliccare la tacca della serata 78 | H66: La pagina si muove fino alla 78 e ci si ferma: rotaia, accento e indirizzo dicono tutti la 78 | J66: Diventa /78#serata-78 | K66: Resa sul desktop | L66: regola 16
A67: QA-099 | B67: alta | C67: Desktop Chrome (Windows) | D67: 1280x800 | E67: / | F67: Timeline | G67: Cliccare due tacche lontane a due decimi di distanza | H67: Atterra sulla seconda; rotaia, accento e indirizzo dicono la stessa serata | J67: Manca l'animazione dello scorrimento | K67: Resa sul desktop | L67: regola 15
A68: QA-115 | B68: alta | C68: Desktop Firefox (Windows) | D68: 1280x800 | E68: / | F68: Timeline | G68: Cliccare la tacca della serata 78 | H68: La pagina si muove fino alla 78 e ci si ferma: rotaia, accento e indirizzo dicono tutti la 78 | K68: Resa sul desktop | L68: regola 16 | M68: Atterra sulla 78, indirizzo /78#serata-78, accento del ciclo 2
A69: QA-116 | B69: alta | C69: Desktop Firefox (Windows) | D69: 1280x800 | E69: / | F69: Timeline | G69: Cliccare due tacche lontane a due decimi di distanza | H69: Atterra sulla seconda; rotaia, accento e indirizzo dicono la stessa serata | K69: Resa sul desktop | L69: regola 15 | M69: Due click a due decimi di distanza: scena 83, indirizzo /83, accento 6, tacca corrente all’indice 4 — le quattro cose concordano
A70: QA-126 | B70: alta | C70: Desktop Safari (macOS) | D70: 1280x800 | E70: / | F70: Programme | G70: Aprire l’indirizzo | H70: Si apre sulla serata 81, già disegnata lì: nessun salto visibile dopo il primo disegno | K70: Resa sul desktop | L70: Programme.astro
A71: QA-127 | B71: alta | C71: Desktop Safari (macOS) | D71: 1280x800 | E71: / | F71: Programme | G71: Un colpo di rotella | H71: Passa a una serata sola e aggancia; la rotella non spinge due scene in una volta | K71: Resa sul desktop | L71: regola 1
A72: QA-128 | B72: alta | C72: Desktop Safari (macOS) | D72: 1280x800 | E72: / | F72: Programme | G72: Uno scorrimento con il trackpad a due dita | H72: Aggancia senza combattere il gesto: nessun rimbalzo fra due scene | K72: Resa sul desktop | L72: regola 1
A73: QA-129 | B73: media | C73: Desktop Safari (macOS) | D73: 1280x800 | E73: / | F73: Programme | G73: Passare la rotella sopra la pillola della navigazione | H73: Il programma scorre lo stesso: la pillola non è una zona morta | K73: Resa sul desktop | L73: SiteNav.astro
A74: QA-130 | B74: media | C74: Desktop Safari (macOS) | D74: 1280x800 | E74: / | F74: Programme | G74: Passare la rotella sopra la rotaia della Timeline | H74: Il programma scorre lo stesso | K74: Resa sul desktop | L74: Timeline.astro
A75: QA-131 | B75: alta | C75: Desktop Safari (macOS) | D75: 1280x800 | E75: / | F75: Timeline | G75: Guardare la rotaia a destra | H75: Tutte le serate hanno una tacca; le vicine portano la data, le lontane sono segni | K75: Resa sul desktop | L75: regola 14
A76: QA-132 | B76: alta | C76: Desktop Safari (macOS) | D76: 1280x800 | E76: / | F76: Timeline | G76: Cliccare la tacca della serata 78 | H76: La pagina si muove fino alla 78 e ci si ferma: rotaia, accento e indirizzo dicono tutti la 78 | K76: Resa sul desktop | L76: regola 16
A77: QA-133 | B77: alta | C77: Desktop Safari (macOS) | D77: 1280x800 | E77: / | F77: Timeline | G77: Cliccare due tacche lontane a due decimi di distanza | H77: Atterra sulla seconda; rotaia, accento e indirizzo dicono la stessa serata | K77: Resa sul desktop | L77: regola 15
A78: QA-134 | B78: alta | C78: Desktop Safari (macOS) | D78: 1280x800 | E78: /81 | F78: Scene | G78: Leggere la scena intera | H78: Il testo non passa sotto la rotaia della Timeline | K78: Resa sul desktop | L78: Scene.astro
A79: QA-135 | B79: alta | C79: Desktop Safari (macOS) | D79: 1280x800 | E79: /81 | F79: Modal | G79: Aprire «Prenota il posto» e chiudere con Esc | H79: Si apre, Esc chiude, il fuoco torna sul bottone | K79: Resa sul desktop | L79: PR 12
A80: QA-136 | B80: media | C80: Desktop Safari (macOS) | D80: 1280x800 | E80: /81 | F80: Modal | G80: Guardare il bordo superiore del pannello | H80: È del colore del ciclo della serata da cui è stato aperto, non arancio | K80: Resa sul desktop | L80: regola 12
A81: QA-137 | B81: alta | C81: Desktop Safari (macOS) | D81: 1280x800 | E81: / | F81: SiteNav | G81: Guardare la riga delle voci | H81: Quattro voci in riga; la voce della pagina corrente è evidenziata | K81: Resa sul desktop | L81: regola 18
... A90: QA-167 | B90: alta | C90: iPhone recente (Safari 18+) | D90: testo di sistema 200% | E90: / | F90: Timeline | G90: Guardare la barra con il testo al 200% | H90: Le date restano leggibili e la barra non copre la nota della scena | K90: Impostazioni | L90: regola 23
A91: QA-170 | B91: alta | C91: Desktop Chrome (Windows) | D91: prefers-reduced-motion | E91: / | F91: Programme | G91: Attivare la riduzione del movimento e scorrere | H91: Nessuna animazione di scorrimento; i salti sono immediati | J91: Scorrimento normale | K91: Impostazioni | L91: regola 15 | M91: Quello che hai visto è l’esito atteso: il progetto non anima nessuno scorrimento per costruzione (regola 15), quindi sotto prefers-reduced-motion non cambia niente ed è giusto così. La riga andrebbe letta come OK.
A92: QA-171 | B92: alta | C92: Desktop Chrome (Windows) | D92: prefers-reduced-motion | E92: / | F92: Timeline | G92: Cliccare una tacca lontana | H92: Il salto è immediato, nessuna transizione lunga sulle tacche | K92: Impostazioni | L92: regola 15
A93: QA-188 | B93: media | C93: iPhone recente (Safari 18+) | D93: risparmio dati | E93: / | F93: Scene | G93: Aprire il sito con il risparmio dati attivo | H93: Le fotografie arrivano, o lasciano uno spazio pulito che non sposta lo snap | K93: Impostazioni | L93: Scene.astro
A94: QA-199 | B94: alta | C94: Desktop Firefox (Windows) | D94: sola tastiera | E94: / | F94: Base | G94: Premere Tab una volta dall’apertura | H94: Compare «Salta al programma», visibile e leggibile | K94: Accessibilità | L94: PR 5 | M94: NON MISURABILE in automazione: document.hasFocus() è false perché la finestra non è in primo piano, quindi :focus non fa match e il salta-a resta a translateY(-45px). Da fare a mano
A95: QA-201 | B95: alta | C95: Desktop Firefox (Windows) | D95: sola tastiera | E95: / | F95: SiteNav | G95: Tabulare attraverso le voci di navigazione | H95: Ogni voce prende il fuoco con un contorno visibile; «Rassegna stampa» viene saltata | K95: Accessibilità | L95: regola 18 | M95: NON MISURABILE per la stessa ragione di QA-199: nessuno stile :focus-visible si applica. Quello che si è potuto verificare è che «Rassegna stampa» viene saltata dal Tab, come deve
A96: QA-205 | B96: alta | C96: Desktop Firefox (Windows) | D96: sola tastiera | E96: / | F96: Timeline | G96: Tabulare fino a una tacca | H96: Il contorno di messa a fuoco si vede per intero, anche sulla pillola piena | K96: Accessibilità | L96: Timeline.astro | M96: NON MISURABILE per la stessa ragione di QA-199. Il CSS pubblicato dichiara .timeline-tick:focus-visible con outline 3px e offset di uno spazio, e la geometria dice che l’anello sta dentro la rotaia: resta da vederlo
A97: QA-206 | B97: alta | C97: Desktop Firefox (Windows) | D97: sola tastiera | E97: /81 | F97: Modal | G97: Aprire il modale con Invio e tabulare dentro | H97: Il fuoco entra nel pannello e non ne esce finché è aperto | K97: Accessibilità | L97: PR 12 | M97: NON MISURABILE: senza il fuoco di sistema il Tab attraversa il modale invece di restarci. Il modale però si apre e si chiude, e il fuoco torna al bottone (QA-207)
A98: QA-209 | B98: alta | C98: Desktop Safari (macOS) | D98: sola tastiera | E98: / | F98: Base | G98: Premere Tab una volta dall’apertura | H98: Compare «Salta al programma», visibile e leggibile | K98: Accessibilità | L98: PR 5
A99: QA-210 | B99: alta | C99: Desktop Safari (macOS) | D99: sola tastiera | E99: / | F99: Base | G99: Premere Invio sul salta-a | H99: Il fuoco si sposta sul programma, non solo lo scorrimento | K99: Accessibilità | L99: PR 5
A100: QA-211 | B100: alta | C100: Desktop Safari (macOS) | D100: sola tastiera | E100: / | F100: SiteNav | G100: Tabulare attraverso le voci di navigazione | H100: Ogni voce prende il fuoco con un contorno visibile; «Rassegna stampa» viene saltata | K100: Accessibilità | L100: regola 18
A101: QA-212 | B101: alta | C101: Desktop Safari (macOS) | D101: sola tastiera | E101: / | F101: Programme | G101: Premere Freccia giù sullo scroller | H101: Passa alla serata successiva, una sola | K101: Accessibilità | L101: vincoli-tecnici
A102: QA-213 | B102: alta | C102: Desktop Safari (macOS) | D102: sola tastiera | E102: / | F102: Programme | G102: Premere Fine e poi Home | H102: Fine va all’ultima serata, Home riporta alla prima | K102: Accessibilità | L102: vincoli-tecnici
A103: QA-214 | B103: media | C103: Desktop Safari (macOS) | D103: sola tastiera | E103: / | F103: Programme | G103: Premere Maiusc+Freccia giù | H103: Non viene intercettato: è la selezione, e resta al browser | K103: Accessibilità | L103: Programme.astro
A104: QA-215 | B104: alta | C104: Desktop Safari (macOS) | D104: sola tastiera | E104: / | F104: Timeline | G104: Tabulare fino a una tacca | H104: Il contorno di messa a fuoco si vede per intero, anche sulla pillola piena | K104: Accessibilità | L104: Timeline.astro
A105: QA-216 | B105: alta | C105: Desktop Safari (macOS) | D105: sola tastiera | E105: /81 | F105: Modal | G105: Aprire il modale con Invio e tabulare dentro | H105: Il fuoco entra nel pannello e non ne esce finché è aperto | K105: Accessibilità | L105: PR 12
A106: QA-217 | B106: alta | C106: Desktop Safari (macOS) | D106: sola tastiera | E106: /81 | F106: Modal | G106: Chiudere con Esc | H106: Si chiude e il fuoco torna sul bottone che lo ha aperto | K106: Accessibilità | L106: PR 12
A107: QA-218 | B107: media | C107: Desktop Safari (macOS) | D107: sola tastiera | E107: / | F107: SiteNav | G107: Aprire la tendina con Invio | H107: Si apre e le voci dentro prendono il fuoco in ordine | K107: Accessibilità | L107: regola 18
A108: QA-219 | B108: alta | C108: iPhone recente (Safari 18+) | D108: VoiceOver | E108: / | F108: Timeline | G108: Scorrere fino a una tacca con VoiceOver | H108: Annunciata come link, con la data e il titolo della serata; la corrente è annunciata come corrente | K108: Accessibilità | L108: regola 14
A109: QA-220 | B109: alta | C109: iPhone recente (Safari 18+) | D109: VoiceOver | E109: /81 | F109: Scene | G109: Percorrere la scena con VoiceOver | H109: Titolo, stato, data, sede e nota si sentono in ordine; la foto non viene annunciata | K109: Accessibilità | L109: Scene.astro
... A114: QA-225 | B114: media | C114: iPhone recente (Safari 18+) | D114: VoiceOver | E114: /78 | F114: Scene | G114: Ascoltare un link ai materiali | H114: Si sente che si apre in una nuova scheda | K114: Accessibilità | L114: Scene.astro
A115: QA-226 | B115: alta | C115: Desktop Chrome (Windows) | D115: NVDA | E115: / | F115: Base | G115: Chiedere l’elenco delle intestazioni | H115: Un solo H1 per rotta e un H2 per serata, in ordine | K115: Accessibilità | L115: PR 5 | M115: Da guardare con NVDA: nell’elenco delle intestazioni compare un H2 vuoto, che è il titolo del modale — resta senza testo finché il modale non viene aperto.
A116: QA-227 | B116: alta | C116: Desktop Chrome (Windows) | D116: NVDA | E116: / | F116: Timeline | G116: Percorrere le tacche con NVDA | H116: Ogni tacca è un link con data e titolo; la corrente è annunciata come corrente | K116: Accessibilità | L116: regola 14
A117: QA-228 | B117: alta | C117: Desktop Chrome (Windows) | D117: NVDA | E117: /81 | F117: Modal | G117: Aprire e chiudere il modale con NVDA | H117: Nome annunciato, fuoco dentro, resto inerte, ritorno al bottone | K117: Accessibilità | L117: PR 12
A118: QA-229 | B118: media | C118: Desktop Chrome (Windows) | D118: NVDA | E118: /chi-siamo | F118: pages.css | G118: Percorrere le sezioni della pagina | H118: Ogni sezione è nominata dalla sua intestazione | K118: Accessibilità | L118: PR 13
A119: QA-230 | B119: media | C119: Desktop Chrome (Windows) | D119: NVDA | E119: /contatti | F119: pages.css | G119: Ascoltare la riga del numero WhatsApp | H119: Il numero si sente in modo comprensibile | K119: Accessibilità | L119: regola 17
A120: QA-231 | B120: media | C120: Desktop Chrome (Windows) | D120: NVDA | E120: /componenti | F120: Rassegna | G120: Percorrere la pagina dei componenti | H120: Ogni componente ha un nome accessibile, nessuno è muto | K120: Accessibilità | L120: PR 6
A121: QA-258 | B121: alta | C121: iPhone recente (Safari 18+) | D121: contenuto fabbricato | E121: / | F121: Scene | G121: Guardare lo stesso titolo di novanta caratteri sul telefono | H121: Non copre la foto né esce dalla scena | K121: Leggibilità | L121: piano PR 19 | M121: Misurato in emulazione a 375x812, quindi da confermare su un iPhone vero: con lo stesso titolo il testo della scena viene ritagliato di 111 px, e il titolo occupa quattro righe a 22 px. Sul telefono non esce — viene tagliato, che è la scelta della PR 18 — ma quello che sparisce sono la nota e i bottoni.
A122: QA-282 | B122: alta | C122: iPhone recente (Safari 18+) | D122: schermata Home | E122: / | F122: Base | G122: Aggiungere il sito alla schermata Home di iOS | H122: C’è un’icona vera e non una miniatura della pagina (apple-touch-icon) | K122: Branding | L122: piano PR 19
A123: QA-283 | B123: alta | C123: iPhone recente (Safari 18+) | D123: verticale | E123: / | F123: Base | G123: Guardare il colore della barra del browser | H123: Colorata come il sito (theme-color) | K123: Branding | L123: piano PR 19
A124: QA-295 | B124: media | C124: iPhone recente (Safari 18+) | D124: verticale | E124: /componenti | F124: Button | G124: Guardare le varianti primaria, secondaria e disabilitata | H124: Tre rese distinte; la disabilitata si annuncia come tale | K124: Componenti | L124: PR 6
A125: QA-296 | B125: media | C125: iPhone recente (Safari 18+) | D125: verticale | E125: /componenti | F125: Button | G125: Premere e tenere premuto un bottone | H125: L’effetto premuto arriva con :active e torna al rilascio | K125: Componenti | L125: PR 6
A126: QA-297 | B126: media | C126: iPhone recente (Safari 18+) | D126: verticale | E126: /componenti | F126: Label | G126: Guardare i toni dell’etichetta | H126: Ogni tono si legge sul fondo su cui sta | K126: Componenti | L126: PR 6
A127: QA-298 | B127: media | C127: iPhone recente (Safari 18+) | D127: verticale | E127: /componenti | F127: Card | G127: Guardare la scheda in tutte le varianti | H127: Bordi, ombre e spaziature coerenti con il resto del sito | K127: Componenti | L127: PR 6
A128: QA-299 | B128: media | C128: iPhone recente (Safari 18+) | D128: verticale | E128: /componenti | F128: Brand | G128: Guardare il marchio alle altezze dichiarate | H128: La firma resta leggibile a ogni altezza | K128: Componenti | L128: PR 6
A129: QA-300 | B129: media | C129: iPhone recente (Safari 18+) | D129: verticale | E129: /componenti | F129: SignatureBand | G129: Guardare la banda | H129: La firma non si taglia ai bordi | K129: Componenti | L129: PR 6
A130: QA-301 | B130: alta | C130: iPhone recente (Safari 18+) | D130: verticale | E130: /componenti | F130: Button | G130: Toccare un bottone e poi toccare altrove | H130: Lo stato premuto non resta appiccicato: è l’hover appiccicoso di iOS | K130: Componenti | L130: piano PR 19
A131: QA-302 | B131: media | C131: iPhone recente (Safari 18+) | D131: verticale | E131: /componenti | F131: GuestRow | G131: Toccare una riga di ospite | H131: Nessuno stato di hover che resta acceso | K131: Componenti | L131: piano PR 19
A132: QA-309 | B132: media | C132: iPhone recente (Safari 18+) | D132: verticale | E132: / | F132: Timeline | G132: Scorrere il programma e guardare la barra | H132: La pillola corrente arriva al centro con un movimento visibile, non di scatto | K132: Movimento | L132: Programme.astro
A133: QA-315 | B133: media | C133: Desktop Firefox (Windows) | D133: anteprima di stampa | E133: /81 | F133: Scene | G133: Stampare la stessa serata da Firefox | H133: Stesso risultato di Chrome | K133: Stampa | L133: piano PR 19
... A157: QA-350 | B157: media | C157: Desktop Firefox (Windows) | D157: 1280x800 | E157: / | F157: Timeline | G157: Cliccare due tacche lontane a due decimi di distanza e guardare dove si ferma la pagina | H157: Si ferma sulla seconda; se il primo salto viene lasciato cadere si vede uno scatto, non una serata sbagliata | K157: Movimento | L157: PR 20

Sheet tutte
A1: ID | B1: Priorità | C1: Dispositivo | D1: Contesto | E1: Rotta | F1: Componente | G1: Azione | H1: Esito atteso | I1: Esito | J1: Difetto osservato | K1: Area | L1: Riferimento | M1: Verifica automatica
A2: QA-001 | B2: alta | C2: iPhone Safari 15.4-16.3 | D2: verticale | E2: / | F2: Programme | G2: Aprire l’indirizzo e guardare cosa è a schermo | H2: Si apre sulla serata 81, la prima futura non annullata, non in cima all’archivio | K2: Resa sul dispositivo | L2: regola 10
A3: QA-002 | B3: alta | C3: iPhone Safari 15.4-16.3 | D3: verticale | E3: / | F3: Programme | G3: Un flick verso l’alto | H3: Lo snap aggancia la serata 82 intera; non resta a metà fra due scene | K3: Resa sul dispositivo | L3: regola 1
A4: QA-003 | B4: media | C4: iPhone Safari 15.4-16.3 | D4: verticale | E4: / | F4: Programme | G4: Trascinare lentamente fino a metà scena e rilasciare | H4: Atterra su una sola scena e non oscilla fra le due | K4: Resa sul dispositivo | L4: regola 1
A5: QA-004 | B5: alta | C5: iPhone Safari 15.4-16.3 | D5: verticale | E5: /81 | F5: Scene | G5: Leggere il titolo della serata | H5: Intero, non tagliato dal bordo né coperto dalla pillola della navigazione | K5: Resa sul dispositivo | L5: PR 18
A6: QA-005 | B6: alta | C6: iPhone Safari 15.4-16.3 | D6: verticale | E6: /81 | F6: Scene | G6: Guardare la fotografia | H6: La capsula inclinata sta nella sua fascia e non copre titolo né occhiello | K6: Resa sul dispositivo | L6: PR 18
A7: QA-006 | B7: media | C7: iPhone Safari 15.4-16.3 | D7: verticale | E7: /81 | F7: Scene | G7: Leggere la riga della sede | H7: Nome del luogo sopra, via e città sotto, su due righe distinte | K7: Resa sul dispositivo | L7: regola 19
A8: QA-007 | B8: alta | C8: iPhone Safari 15.4-16.3 | D8: verticale | E8: /81 | F8: Scene | G8: Leggere la nota sotto i bottoni | H8: Leggibile per intero, non tagliata dalla barra della Timeline | K8: Resa sul dispositivo | L8: PR 18
A9: QA-008 | B9: alta | C9: iPhone Safari 15.4-16.3 | D9: verticale | E9: /80 | F9: Scene | G9: Guardare la serata annullata | H9: Titolo e data barrati, la parola «annullata» leggibile sopra il titolo | K9: Resa sul dispositivo | L9: PR 3
A10: QA-009 | B10: media | C10: iPhone Safari 15.4-16.3 | D10: verticale | E10: /78 | F10: Scene | G10: Guardare la descrizione su schermo corto | H10: La descrizione cede prima della fotografia, che resta sempre | K10: Resa sul dispositivo | L10: PR 18
A11: QA-010 | B11: alta | C11: iPhone Safari 15.4-16.3 | D11: verticale | E11: /81 | F11: Button | G11: Toccare «Prenota il posto» | H11: Si apre il modale con la spiegazione, non direttamente WhatsApp | K11: Resa sul dispositivo | L11: PR 12
A12: QA-011 | B12: alta | C12: iPhone Safari 15.4-16.3 | D12: verticale | E12: /81 | F12: Modal | G12: Leggere il pannello aperto | H12: Il testo sta dentro il pannello; se è lungo scorre il pannello e non la pagina | K12: Resa sul dispositivo | L12: vincoli-tecnici
A13: QA-012 | B13: alta | C13: iPhone Safari 15.4-16.3 | D13: verticale | E13: /81 | F13: Modal | G13: Toccare la X di chiusura | H13: Si chiude e la pagina è rimasta sulla serata 81 | K13: Resa sul dispositivo | L13: PR 12
... A49: QA-048 | B49: media | C49: iPhone recente (Safari 18+) | D49: verticale | E49: / | F49: Base | G49: Guardare la linguetta e la barra del browser | H49: La favicon si legge; la barra è colorata come il sito (theme-color) | K49: Resa sul dispositivo | L49: PR 19
A50: QA-049 | B50: alta | C50: Android Chrome recente | D50: verticale | E50: / | F50: Programme | G50: Aprire l’indirizzo e guardare cosa è a schermo | H50: Si apre sulla serata 81, non in cima all’archivio | I50: OK | K50: Resa sul dispositivo | L50: regola 10
A51: QA-050 | B51: alta | C51: Android Chrome recente | D51: verticale | E51: / | F51: Programme | G51: Un flick verso l’alto | H51: Lo snap aggancia la serata intera | I51: OK | K51: Resa sul dispositivo | L51: regola 1
A52: QA-051 | B52: alta | C52: Android Chrome recente | D52: verticale | E52: /81 | F52: Scene | G52: Guardare titolo, foto e nota insieme | H52: Nessuno dei tre è tagliato o coperto | I52: OK | K52: Resa sul dispositivo | L52: PR 18
A53: QA-052 | B53: alta | C53: Android Chrome recente | D53: verticale | E53: /81 | F53: Button | G53: Toccare «Prenota il posto» | H53: Si apre il modale | I53: OK | K53: Resa sul dispositivo | L53: PR 12
A54: QA-053 | B54: alta | C54: Android Chrome recente | D54: verticale | E54: /81 | F54: Modal | G54: Chiudere con la X | H54: Si chiude e la pagina resta sulla serata 81 | I54: OK | K54: Resa sul dispositivo | L54: PR 12
A55: QA-054 | B55: alta | C55: Android Chrome recente | D55: verticale | E55: / | F55: Timeline | G55: Scorrere la barra fino alla 78 e toccarla | H55: La barra si muove fino a portare la pillola al centro e la pagina arriva sulla 78 | K55: Resa sul dispositivo | L55: regola 14
A56: QA-055 | B56: media | C56: Android Chrome recente | D56: verticale | E56: / | F56: SiteNav | G56: Aprire la tendina | H56: Si apre e mostra le quattro voci | I56: OK | K56: Resa sul dispositivo | L56: regola 18
A57: QA-056 | B57: alta | C57: Android Chrome recente | D57: verticale | E57: / | F57: SiteNav | G57: Leggere il marchio | H57: «in Periferia» c’è per intero | I57: OK | K57: Resa sul dispositivo | L57: regola 7
A58: QA-057 | B58: media | C58: Android Chrome recente | D58: verticale | E58: /chi-siamo | F58: pages.css | G58: Scorrere la pagina fino in fondo | H58: Nessuno scorrimento orizzontale, nessun blocco tagliato | I58: OK | K58: Resa sul dispositivo | L58: PR 13
A59: QA-058 | B59: media | C59: Android Chrome recente | D59: verticale | E59: /78 | F59: Scene | G59: Aprire «Rivedi la serata» | H59: Il pannello porta le righe dei materiali | I59: OK | K59: Resa sul dispositivo | L59: PR 12
A60: QA-059 | B60: alta | C60: Android di 4 anni (Chrome) | D60: verticale | E60: / | F60: Programme | G60: Aprire l’indirizzo e guardare cosa è a schermo | H60: Si apre sulla serata 81, non in cima all’archivio | I60: OK | K60: Resa sul dispositivo | L60: regola 10 | M60: Provata su un Google Pixel (modello da registrare).
A61: QA-060 | B61: alta | C61: Android di 4 anni (Chrome) | D61: verticale | E61: / | F61: Programme | G61: Un flick verso l’alto | H61: Lo snap aggancia la serata intera | I61: OK | K61: Resa sul dispositivo | L61: regola 1 | M61: Provata su un Google Pixel (modello da registrare).
A62: QA-061 | B62: alta | C62: Android di 4 anni (Chrome) | D62: verticale | E62: /81 | F62: Scene | G62: Guardare titolo, foto e nota insieme | H62: Nessuno dei tre è tagliato o coperto | I62: OK | K62: Resa sul dispositivo | L62: PR 18 | M62: Provata su un Google Pixel (modello da registrare).
A63: QA-062 | B63: alta | C63: Android di 4 anni (Chrome) | D63: verticale | E63: /81 | F63: Button | G63: Toccare «Prenota il posto» | H63: Si apre il modale | I63: OK | K63: Resa sul dispositivo | L63: PR 12 | M63: Provata su un Google Pixel (modello da registrare).
A64: QA-063 | B64: alta | C64: Android di 4 anni (Chrome) | D64: verticale | E64: /81 | F64: Modal | G64: Chiudere con la X | H64: Si chiude e la pagina resta sulla serata 81 | I64: OK | K64: Resa sul dispositivo | L64: PR 12 | M64: Provata su un Google Pixel (modello da registrare).
A65: QA-064 | B65: alta | C65: Android di 4 anni (Chrome) | D65: verticale | E65: / | F65: Timeline | G65: Scorrere la barra fino alla 78 e toccarla | H65: La barra si muove fino a portare la pillola al centro e la pagina arriva sulla 78 | K65: Resa sul dispositivo | L65: regola 14 | M65: Provata su un Google Pixel (modello da registrare).
A66: QA-065 | B66: media | C66: Android di 4 anni (Chrome) | D66: verticale | E66: / | F66: SiteNav | G66: Aprire la tendina | H66: Si apre e mostra le quattro voci | I66: OK | K66: Resa sul dispositivo | L66: regola 18 | M66: Provata su un Google Pixel (modello da registrare).
A67: QA-066 | B67: alta | C67: Android di 4 anni (Chrome) | D67: verticale | E67: / | F67: SiteNav | G67: Leggere il marchio | H67: «in Periferia» c’è per intero | I67: OK | K67: Resa sul dispositivo | L67: regola 7 | M67: Provata su un Google Pixel (modello da registrare).
A68: QA-067 | B68: media | C68: Android di 4 anni (Chrome) | D68: verticale | E68: /chi-siamo | F68: pages.css | G68: Scorrere la pagina fino in fondo | H68: Nessuno scorrimento orizzontale, nessun blocco tagliato | I68: OK | K68: Resa sul dispositivo | L68: PR 13 | M68: Provata su un Google Pixel (modello da registrare).
A69: QA-068 | B69: media | C69: Android di 4 anni (Chrome) | D69: verticale | E69: /78 | F69: Scene | G69: Aprire «Rivedi la serata» | H69: Il pannello porta le righe dei materiali | I69: OK | K69: Resa sul dispositivo | L69: PR 12 | M69: Provata su un Google Pixel (modello da registrare).
A70: QA-069 | B70: alta | C70: iPhone Safari 15.4-16.3 | D70: verticale | E70: / | F70: Programme | G70: Guardare se il layout è quello del telefono o quello del desktop | H70: Layout a una colonna: le media query si applicano, quindi il minificatore non ha riscritto la sintassi range | K70: Soglia dei browser | L70: checkMediaRangeSyntax
A71: QA-070 | B71: alta | C71: iPhone Safari 15.4-16.3 | D71: verticale | E71: / | F71: Programme | G71: Scorrere con la barra di Safari mostrata e poi ritratta | H71: La scena resta alta quanto lo schermo e le posizioni di snap non saltano (svh, non dvh) | K71: Soglia dei browser | L71: regola 5
A72: QA-071 | B72: alta | C72: iPhone Safari 15.4-16.3 | D72: verticale | E72: /81 | F72: Modal | G72: Toccare «Prenota il posto» | H72: Il modale si apre; se <dialog> non c’è, al suo posto compare il link diretto e non un bottone morto | K72: Soglia dei browser | L72: PR 12
A73: QA-072 | B73: media | C73: iPhone Safari 15.4-16.3 | D73: verticale | E73: / | F73: Timeline | G73: Guardare lo sfondo della barra in basso | H73: La barra è velata e leggibile: il -webkit-backdrop-filter è quello che risponde qui | K73: Soglia dei browser | L73: Timeline.astro
A74: QA-073 | B74: media | C74: iPhone Safari 15.4-16.3 | D74: verticale | E74: / | F74: Scene | G74: Scorrere venti serate di seguito | H74: Nessuno scatto: senza content-visibility la pagina resta comunque fluida | K74: Soglia dei browser | L74: Scene.astro
A75: QA-074 | B75: media | C75: iPhone Safari 15.4-16.3 | D75: verticale | E75: /81 | F75: Scene | G75: Guardare la descrizione tagliata a tre righe | H75: Il taglio funziona e non lascia una riga a metà | K75: Soglia dei browser | L75: Scene.astro
A76: QA-075 | B76: alta | C76: Android di 4 anni (Chrome) | D76: verticale | E76: / | F76: Programme | G76: Scorrere dieci serate di seguito | H76: Nessun rallentamento percepibile su un telefono di quattro anni | I76: OK | K76: Soglia dei browser | L76: piano PR 19 | M76: Eseguita su un Google Pixel, modello ancora da registrare: le righe di questo gruppo sono scritte per un telefono di quattro anni, quindi finché il modello non è scritto questa resta una prova su un dispositivo vicino, non su quello richiesto.
A77: QA-076 | B77: alta | C77: iPhone recente (Safari 18+) | D77: orizzontale | E77: /81 | F77: Scene | G77: Ruotare il telefono e guardare la scena | H77: Titolo, data, sede, bottoni e nota sono tutti a schermo | K77: Orizzontale su telefono | L77: piano PR 19
A78: QA-077 | B78: alta | C78: iPhone recente (Safari 18+) | D78: orizzontale | E78: /81 | F78: Scene | G78: Guardare la fotografia in orizzontale | H78: La foto non schiaccia il testo né esce dalla sua fascia | K78: Orizzontale su telefono | L78: piano PR 19
A79: QA-078 | B79: alta | C79: iPhone recente (Safari 18+) | D79: orizzontale | E79: / | F79: Timeline | G79: Guardare la barra in basso in orizzontale | H79: La barra non copre la nota né i bottoni della scena | K79: Orizzontale su telefono | L79: piano PR 19
A80: QA-079 | B80: alta | C80: iPhone recente (Safari 18+) | D80: orizzontale | E80: / | F80: SiteNav | G80: Guardare la pillola in alto in orizzontale | H80: Non copre il titolo della serata | K80: Orizzontale su telefono | L80: piano PR 19
A81: QA-080 | B81: media | C81: iPhone recente (Safari 18+) | D81: orizzontale | E81: /78 | F81: Scene | G81: Guardare la serata con i materiali in orizzontale | H81: Il bottone «Rivedi la serata» è raggiungibile senza scorrere la scena | K81: Orizzontale su telefono | L81: vincoli-tecnici
A82: QA-081 | B82: media | C82: iPhone recente (Safari 18+) | D82: orizzontale | E82: /81 | F82: Modal | G82: Aprire il modale in orizzontale | H82: Il pannello sta nello schermo e la X non finisce fuori dal bordo | K82: Orizzontale su telefono | L82: Modal.astro
A83: QA-082 | B83: media | C83: iPhone recente (Safari 18+) | D83: orizzontale | E83: /chi-siamo | F83: pages.css | G83: Scorrere la pagina in orizzontale | H83: Le colonne si ricompongono, niente scorrimento laterale | K83: Orizzontale su telefono | L83: PR 13
A84: QA-083 | B84: media | C84: iPhone recente (Safari 18+) | D84: orizzontale | E84: / | F84: Programme | G84: Ruotare mentre si è sulla serata 82 | H84: Dopo la rotazione si è ancora sulla 82 e non su un’altra | K84: Orizzontale su telefono | L84: regola 1
A85: QA-084 | B85: alta | C85: Android Chrome recente | D85: orizzontale | E85: /81 | F85: Scene | G85: Ruotare il telefono e guardare la scena | H85: Titolo, data, sede, bottoni e nota sono tutti a schermo | I85: No | J85: E' tutto tagliato per ora. Ci interessa oppure e' out of scope? | K85: Orizzontale su telefono | L85: piano PR 19 | M85: A 800x360 il riquadro del testo è alto 141 px e il suo contenuto ne chiede 314: 173 px vengono ritagliati e sono invisibili. Non è un problema di misure ma di composizione, come dice il piano.
A86: QA-085 | B86: alta | C86: Android Chrome recente | D86: orizzontale | E86: /81 | F86: Scene | G86: Guardare la fotografia in orizzontale | H86: La foto non schiaccia il testo né esce dalla sua fascia | I86: Ok | J86: La foto e' minuscola | K86: Orizzontale su telefono | L86: piano PR 19 | M86: Misurata: la cornice della foto è alta 51 px a 800x360, contro i 188 px a 375x812.
A87: QA-086 | B87: alta | C87: Android Chrome recente | D87: orizzontale | E87: / | F87: Timeline | G87: Guardare la barra in basso in orizzontale | H87: La barra non copre la nota né i bottoni della scena | I87: OK | K87: Orizzontale su telefono | L87: piano PR 19
A88: QA-087 | B88: alta | C88: Android Chrome recente | D88: orizzontale | E88: / | F88: SiteNav | G88: Guardare la pillola in alto in orizzontale | H88: Non copre il titolo della serata | I88: OK | K88: Orizzontale su telefono | L88: piano PR 19
A89: QA-088 | B89: media | C89: Android Chrome recente | D89: orizzontale | E89: /78 | F89: Scene | G89: Guardare la serata con i materiali in orizzontale | H89: Il bottone «Rivedi la serata» è raggiungibile senza scorrere la scena | I89: No | J89: Il bottone non si vede | K89: Orizzontale su telefono | L89: vincoli-tecnici | M89: Il blocco dei bottoni cade 172 px oltre il bordo inferiore del riquadro di testo, cioè dentro la parte ritagliata.
A90: QA-089 | B90: media | C90: Android Chrome recente | D90: orizzontale | E90: /81 | F90: Modal | G90: Aprire il modale in orizzontale | H90: Il pannello sta nello schermo e la X non finisce fuori dal bordo | I90: No | J90: Pannello del modale irrangiungibile | K90: Orizzontale su telefono | L90: Modal.astro | M90: Stessa causa di QA-088: il bottone che apre il modale sta fra i 172 px ritagliati, quindi il pannello non è raggiungibile perché non lo è il suo comando.
A91: QA-090 | B91: media | C91: Android Chrome recente | D91: orizzontale | E91: /chi-siamo | F91: pages.css | G91: Scorrere la pagina in orizzontale | H91: Le colonne si ricompongono, niente scorrimento laterale | I91: OK | K91: Orizzontale su telefono | L91: PR 13
A92: QA-091 | B92: media | C92: Android Chrome recente | D92: orizzontale | E92: / | F92: Programme | G92: Ruotare mentre si è sulla serata 82 | H92: Dopo la rotazione si è ancora sulla 82 e non su un’altra | I92: OK | K92: Orizzontale su telefono | L92: regola 1
A93: QA-092 | B93: alta | C93: Desktop Chrome (Windows) | D93: 1280x800 | E93: / | F93: Programme | G93: Aprire l’indirizzo | H93: Si apre sulla serata 81, già disegnata lì: nessun salto visibile dopo il primo disegno | I93: OK | K93: Resa sul desktop | L93: Programme.astro
A94: QA-093 | B94: alta | C94: Desktop Chrome (Windows) | D94: 1280x800 | E94: / | F94: Programme | G94: Un colpo di rotella | H94: Passa a una serata sola e aggancia; la rotella non spinge due scene in una volta | I94: OK | K94: Resa sul desktop | L94: regola 1
A95: QA-094 | B95: alta | C95: Desktop Chrome (Windows) | D95: 1280x800 | E95: / | F95: Programme | G95: Uno scorrimento con il trackpad a due dita | H95: Aggancia senza combattere il gesto: nessun rimbalzo fra due scene | I95: OK, ma il trackpad scorre piu' scene | K95: Resa sul desktop | L95: regola 1
A96: QA-095 | B96: media | C96: Desktop Chrome (Windows) | D96: 1280x800 | E96: / | F96: Programme | G96: Passare la rotella sopra la pillola della navigazione | H96: Il programma scorre lo stesso: la pillola non è una zona morta | I96: OK | K96: Resa sul desktop | L96: SiteNav.astro
A97: QA-096 | B97: media | C97: Desktop Chrome (Windows) | D97: 1280x800 | E97: / | F97: Programme | G97: Passare la rotella sopra la rotaia della Timeline | H97: Il programma scorre lo stesso | I97: OK | K97: Resa sul desktop | L97: Timeline.astro
A98: QA-097 | B98: alta | C98: Desktop Chrome (Windows) | D98: 1280x800 | E98: / | F98: Timeline | G98: Guardare la rotaia a destra | H98: Tutte le serate hanno una tacca; le vicine portano la data, le lontane sono segni | I98: OK | J98: Abbiamo solo 5 serate, tutte con data | K98: Resa sul desktop | L98: regola 14
A99: QA-098 | B99: alta | C99: Desktop Chrome (Windows) | D99: 1280x800 | E99: / | F99: Timeline | G99: Cliccare la tacca della serata 78 | H99: La pagina si muove fino alla 78 e ci si ferma: rotaia, accento e indirizzo dicono tutti la 78 | J99: Diventa /78#serata-78 | K99: Resa sul desktop | L99: regola 16
A100: QA-099 | B100: alta | C100: Desktop Chrome (Windows) | D100: 1280x800 | E100: / | F100: Timeline | G100: Cliccare due tacche lontane a due decimi di distanza | H100: Atterra sulla seconda; rotaia, accento e indirizzo dicono la stessa serata | J100: Manca l'animazione dello scorrimento | K100: Resa sul desktop | L100: regola 15
A101: QA-100 | B101: alta | C101: Desktop Chrome (Windows) | D101: 1280x800 | E101: /81 | F101: Scene | G101: Leggere la scena intera | H101: Il testo non passa sotto la rotaia della Timeline | I101: OK | K101: Resa sul desktop | L101: Scene.astro
A102: QA-101 | B102: alta | C102: Desktop Chrome (Windows) | D102: 1280x800 | E102: /81 | F102: Modal | G102: Aprire «Prenota il posto» e chiudere con Esc | H102: Si apre, Esc chiude, il fuoco torna sul bottone | I102: OK | K102: Resa sul desktop | L102: PR 12
A103: QA-102 | B103: media | C103: Desktop Chrome (Windows) | D103: 1280x800 | E103: /81 | F103: Modal | G103: Guardare il bordo superiore del pannello | H103: È del colore del ciclo della serata da cui è stato aperto, non arancio | I103: OK | K103: Resa sul desktop | L103: regola 12
A104: QA-103 | B104: alta | C104: Desktop Chrome (Windows) | D104: 1280x800 | E104: / | F104: SiteNav | G104: Guardare la riga delle voci | H104: Quattro voci in riga; la voce della pagina corrente è evidenziata | I104: OK | K104: Resa sul desktop | L104: regola 18
A105: QA-104 | B105: alta | C105: Desktop Chrome (Windows) | D105: 1280x800 | E105: / | F105: CycleAccents | G105: Scorrere dalla 81 alla 83 | H105: L’accento della rotaia e della navigazione segue la serata a schermo | I105: OK | K105: Resa sul desktop | L105: regola 12
A106: QA-105 | B106: alta | C106: Desktop Chrome (Windows) | D106: 1280x800 | E106: / | F106: Programme | G106: Scorrere di dieci serate e premere il tasto indietro | H106: Si esce dal sito: la cronologia non ha una voce per serata attraversata | I106: No | J106: Si torna al link /x precedente | K106: Resa sul desktop | L106: regola 16 | M106: Confermato: il click su una tacca aggiunge una voce di cronologia — history.length passa da 2 a 3. È il difetto ereditato dalla PR 18, già scritto nel verbale.
A107: QA-106 | B107: alta | C107: Desktop Chrome (Windows) | D107: 1280x800 | E107: / | F107: Programme | G107: Ricaricare mentre si è a metà archivio | H107: La pagina torna dove era o sulla serata dell’indirizzo: il ripristino del browser e il salto dello script non litigano | I107: OK | K107: Resa sul desktop | L107: piano PR 19
A108: QA-107 | B108: media | C108: Desktop Chrome (Windows) | D108: 1280x800 | E108: /81 | F108: Scene | G108: Selezionare e copiare due righe della descrizione | H108: La selezione funziona e non fa scorrere la scena | I108: OK | K108: Resa sul desktop | L108: piano PR 19
A109: QA-108 | B109: media | C109: Desktop Chrome (Windows) | D109: 1280x800 | E109: /componenti | F109: Rassegna | G109: Scorrere la rassegna dei componenti | H109: Ogni componente rende in tutte le sue varianti | I109: OK | J109: Ok, ma non deve esserci in prod | K109: Resa sul desktop | L109: PR 6
A110: QA-109 | B110: alta | C110: Desktop Firefox (Windows) | D110: 1280x800 | E110: / | F110: Programme | G110: Aprire l’indirizzo | H110: Si apre sulla serata 81, già disegnata lì: nessun salto visibile dopo il primo disegno | I110: OK | K110: Resa sul desktop | L110: Programme.astro | M110: Gecko 153: si apre sulla serata 81 con scrollTop 1600 su scene da 800 px, cioè esattamente sulla terza
A111: QA-110 | B111: alta | C111: Desktop Firefox (Windows) | D111: 1280x800 | E111: / | F111: Programme | G111: Un colpo di rotella | H111: Passa a una serata sola e aggancia; la rotella non spinge due scene in una volta | I111: No, da confermare a mano | J111: Un evento di rotella porta dalla 81 alla 83: salta una serata | K111: Resa sul desktop | L111: regola 1 | M111: Provato con tre ampiezze diverse — 40, 57 e 114 px — e tutte e tre atterrano sulla 83. Il gesto è sintetico, quindi va confermato con una rotella vera; ma va nella stessa direzione del «il trackpad scorre più scene» annotato su Chrome in QA-094
A112: QA-111 | B112: alta | C112: Desktop Firefox (Windows) | D112: 1280x800 | E112: / | F112: Programme | G112: Uno scorrimento con il trackpad a due dita | H112: Aggancia senza combattere il gesto: nessun rimbalzo fra due scene | I112: OK | K112: Resa sul desktop | L112: regola 1 | M112: Tre spinte brevi da 120 px di seguito: si ferma agganciata, scrollTop multiplo esatto dell’altezza di scena
A113: QA-112 | B113: media | C113: Desktop Firefox (Windows) | D113: 1280x800 | E113: / | F113: Programme | G113: Passare la rotella sopra la pillola della navigazione | H113: Il programma scorre lo stesso: la pillola non è una zona morta | I113: OK | K113: Resa sul desktop | L113: SiteNav.astro | M113: Rotella a x=640 y=30, sopra la pillola della navigazione: il programma scorre
A114: QA-113 | B114: media | C114: Desktop Firefox (Windows) | D114: 1280x800 | E114: / | F114: Programme | G114: Passare la rotella sopra la rotaia della Timeline | H114: Il programma scorre lo stesso | I114: No | J114: La rotella sopra una tacca della rotaia non muove il programma. Fra una tacca e l’altra invece scorre | K114: Resa sul desktop | L114: Timeline.astro | M114: Misurato ai due punti: sopra la tacca corrente lo scrollTop non cambia, sulla rotaia a y=80 cambia. La causa è nel CSS: la colonna ha pointer-events: none e le tacche lo rimettono a auto, così una tacca cattura la rotella e cerca un antenato scrollabile — la rotaia non scorre in verticale, e il documento è alto uno schermo. È la trappola che il commento di Timeline.astro descrive, non richiusa per le tacche
A115: QA-114 | B115: alta | C115: Desktop Firefox (Windows) | D115: 1280x800 | E115: / | F115: Timeline | G115: Guardare la rotaia a destra | H115: Tutte le serate hanno una tacca; le vicine portano la data, le lontane sono segni | I115: OK | K115: Resa sul desktop | L115: regola 14 | M115: Cinque tacche, tutte con la data, una sola con aria-current, rotaia verticale a destra
A116: QA-115 | B116: alta | C116: Desktop Firefox (Windows) | D116: 1280x800 | E116: / | F116: Timeline | G116: Cliccare la tacca della serata 78 | H116: La pagina si muove fino alla 78 e ci si ferma: rotaia, accento e indirizzo dicono tutti la 78 | K116: Resa sul desktop | L116: regola 16 | M116: Atterra sulla 78, indirizzo /78#serata-78, accento del ciclo 2
A117: QA-116 | B117: alta | C117: Desktop Firefox (Windows) | D117: 1280x800 | E117: / | F117: Timeline | G117: Cliccare due tacche lontane a due decimi di distanza | H117: Atterra sulla seconda; rotaia, accento e indirizzo dicono la stessa serata | K117: Resa sul desktop | L117: regola 15 | M117: Due click a due decimi di distanza: scena 83, indirizzo /83, accento 6, tacca corrente all’indice 4 — le quattro cose concordano
A118: QA-117 | B118: alta | C118: Desktop Firefox (Windows) | D118: 1280x800 | E118: /81 | F118: Scene | G118: Leggere la scena intera | H118: Il testo non passa sotto la rotaia della Timeline | I118: OK | K118: Resa sul desktop | L118: Scene.astro | M118: Sotto la rotaia passa solo la cornice della fotografia; nessuna parte di testo — vedi QA-238 per la foto
A119: QA-118 | B119: alta | C119: Desktop Firefox (Windows) | D119: 1280x800 | E119: /81 | F119: Modal | G119: Aprire «Prenota il posto» e chiudere con Esc | H119: Si apre, Esc chiude, il fuoco torna sul bottone | I119: OK | K119: Resa sul desktop | L119: PR 12 | M119: Si apre, Esc chiude, il fuoco torna sul bottone che lo ha aperto
A120: QA-119 | B120: media | C120: Desktop Firefox (Windows) | D120: 1280x800 | E120: /81 | F120: Modal | G120: Guardare il bordo superiore del pannello | H120: È del colore del ciclo della serata da cui è stato aperto, non arancio | I120: OK | K120: Resa sul desktop | L120: regola 12 | M120: Il pannello prende data-cycle="3" e il bordo superiore è rgb(59, 170, 115), il verde del ciclo
A121: QA-120 | B121: alta | C121: Desktop Firefox (Windows) | D121: 1280x800 | E121: / | F121: SiteNav | G121: Guardare la riga delle voci | H121: Quattro voci in riga; la voce della pagina corrente è evidenziata | I121: OK | K121: Resa sul desktop | L121: regola 18 | M121: Quattro voci in riga con la tendina a display:none; su /chi-siamo è evidenziata «Chi siamo»
A122: QA-121 | B122: alta | C122: Desktop Firefox (Windows) | D122: 1280x800 | E122: / | F122: CycleAccents | G122: Scorrere dalla 81 alla 83 | H122: L’accento della rotaia e della navigazione segue la serata a schermo | I122: OK | K122: Resa sul desktop | L122: regola 12 | M122: Scorrendo dalla 81 alla 83 l’accento del documento passa da 3 a 6
A123: QA-122 | B123: alta | C123: Desktop Firefox (Windows) | D123: 1280x800 | E123: / | F123: Programme | G123: Scorrere di dieci serate e premere il tasto indietro | H123: Si esce dal sito: la cronologia non ha una voce per serata attraversata | I123: OK | K123: Resa sul desktop | L123: regola 16 | M123: In una scheda pulita, quattro serate scorse: la cronologia resta a una voce sola e l’indirizzo arriva a /83. Lo scorrimento non impila, come vuole la regola 16
A124: QA-123 | B124: alta | C124: Desktop Firefox (Windows) | D124: 1280x800 | E124: / | F124: Programme | G124: Ricaricare mentre si è a metà archivio | H124: La pagina torna dove era o sulla serata dell’indirizzo: il ripristino del browser e il salto dello script non litigano | I124: OK | K124: Resa sul desktop | L124: piano PR 19 | M124: Ricaricando su /83 si torna sulla 83
A125: QA-124 | B125: media | C125: Desktop Firefox (Windows) | D125: 1280x800 | E125: /81 | F125: Scene | G125: Selezionare e copiare due righe della descrizione | H125: La selezione funziona e non fa scorrere la scena | I125: OK | K125: Resa sul desktop | L125: piano PR 19 | M125: La descrizione ha 217 caratteri e la selezione li restituisce tutti (user-select: auto); la scena non si muove
A126: QA-125 | B126: media | C126: Desktop Firefox (Windows) | D126: 1280x800 | E126: /componenti | F126: Rassegna | G126: Scorrere la rassegna dei componenti | H126: Ogni componente rende in tutte le sue varianti | I126: OK | K126: Resa sul desktop | L126: PR 6 | M126: Nove sezioni rese, nessuna vuota, nessuno scorrimento orizzontale
A127: QA-126 | B127: alta | C127: Desktop Safari (macOS) | D127: 1280x800 | E127: / | F127: Programme | G127: Aprire l’indirizzo | H127: Si apre sulla serata 81, già disegnata lì: nessun salto visibile dopo il primo disegno | K127: Resa sul desktop | L127: Programme.astro
A128: QA-127 | B128: alta | C128: Desktop Safari (macOS) | D128: 1280x800 | E128: / | F128: Programme | G128: Un colpo di rotella | H128: Passa a una serata sola e aggancia; la rotella non spinge due scene in una volta | K128: Resa sul desktop | L128: regola 1
A129: QA-128 | B129: alta | C129: Desktop Safari (macOS) | D129: 1280x800 | E129: / | F129: Programme | G129: Uno scorrimento con il trackpad a due dita | H129: Aggancia senza combattere il gesto: nessun rimbalzo fra due scene | K129: Resa sul desktop | L129: regola 1
A130: QA-129 | B130: media | C130: Desktop Safari (macOS) | D130: 1280x800 | E130: / | F130: Programme | G130: Passare la rotella sopra la pillola della navigazione | H130: Il programma scorre lo stesso: la pillola non è una zona morta | K130: Resa sul desktop | L130: SiteNav.astro
A131: QA-130 | B131: media | C131: Desktop Safari (macOS) | D131: 1280x800 | E131: / | F131: Programme | G131: Passare la rotella sopra la rotaia della Timeline | H131: Il programma scorre lo stesso | K131: Resa sul desktop | L131: Timeline.astro
A132: QA-131 | B132: alta | C132: Desktop Safari (macOS) | D132: 1280x800 | E132: / | F132: Timeline | G132: Guardare la rotaia a destra | H132: Tutte le serate hanno una tacca; le vicine portano la data, le lontane sono segni | K132: Resa sul desktop | L132: regola 14
A133: QA-132 | B133: alta | C133: Desktop Safari (macOS) | D133: 1280x800 | E133: / | F133: Timeline | G133: Cliccare la tacca della serata 78 | H133: La pagina si muove fino alla 78 e ci si ferma: rotaia, accento e indirizzo dicono tutti la 78 | K133: Resa sul desktop | L133: regola 16
A134: QA-133 | B134: alta | C134: Desktop Safari (macOS) | D134: 1280x800 | E134: / | F134: Timeline | G134: Cliccare due tacche lontane a due decimi di distanza | H134: Atterra sulla seconda; rotaia, accento e indirizzo dicono la stessa serata | K134: Resa sul desktop | L134: regola 15
A135: QA-134 | B135: alta | C135: Desktop Safari (macOS) | D135: 1280x800 | E135: /81 | F135: Scene | G135: Leggere la scena intera | H135: Il testo non passa sotto la rotaia della Timeline | K135: Resa sul desktop | L135: Scene.astro
...

Sheet difetti
A1: # | B1: Da | C1: Difetto | D1: Destino
A2: 1 | B2: QA-318, QA-323 | C2: Il CMS lascia salvare una serata la cui data contraddice il numero: la build si ferma dopo il commit. Riprodotto due volte su due, la seconda da telefono con la serata 85 | D2: fix qui
A3: 2 | B3: QA-150, QA-257 | C3: Il testo esce dalla scena invece di essere ritagliato: sul desktop mancano sia la soglia sulla descrizione sia overflow: hidden. 26 px a 1280×500, 88 px con un titolo lungo | D3: fix qui
A4: 3 | B4: QA-233, QA-338 | C4: Tre usi di --text-muted a 3,50:1, sotto il 4,5 che serve a un testo. La cifra della statistica invece misura 12,14:1 e passa | D4: fix qui
A5: 4 | B5: QA-105, QA-333 | C5: Il primo tocco del tasto indietro cambia solo l’indirizzo e lascia la pagina ferma | D5: PR propria
A6: 5 | B6: QA-084, QA-085, QA-088, QA-089 | C6: In orizzontale la scena ritaglia 173 px: dentro ci sono data, sede, bottoni e nota. La fotografia scende a 51 px | D6: PR propria
A7: 6 | B7: QA-243 | C7: La pillola della Timeline è alta 36 px, mentre --tap-target del sito vale 44 | D7: da decidere
A8: 7 | B8: QA-238 | C8: La cornice della fotografia passa sotto la rotaia: le date delle tacche cadono sopra l’immagine | D8: fix qui
A9: 8 | B9: QA-261 | C9: Sul desktop la colonna della fotografia resta riservata anche quando la serata non ne ha: 420 px vuoti | D9: fix qui
A10: 9 | B10: QA-294 | C10: Placeholder non è nella rassegna dei componenti | D10: fix qui
A11: 10 | B11: QA-292 | C11: GuestRow è mostrato con due tarature di --guest-size senza che la rassegna lo dica | D11: fix qui
A12: 11 | B12: QA-281 | C12: Il titolo della pagina non segue la serata: chi mette un segnalibro salva il titolo | D12: da decidere
... A20: 19 | B20: QA-323, QA-324 | C20: Il CMS scrive i contenuti in una forma diversa da quella dei file scritti a mano: photo con percorso assoluto, e cancelled: false scritto per esteso. Niente si rompe, ma le due mani non scrivono uguale | D20: da decidere
